code,system
1Z13.00,readv2
1Z14.00,readv2
K054.00,readv2
K055.00,readv2
1Z1H.00,readv2
1Z1H.11,readv2
1Z1J.00,readv2
1Z1J.11,readv2
1Z1K.00,readv2
1Z1K.11,readv2
1Z1L.00,readv2
1Z1L.11,readv2
K08yA00,readv2
2BBP.00,readv2
2BBQ.00,readv2
F420000,readv2
2BBR.00,readv2
2BBS.00,readv2
2BBT.00,readv2
2BBV.00,readv2
2BBk.00,readv2
2BBl.00,readv2
F420100,readv2
F420200,readv2
F420600,readv2
F420700,readv2
F420800,readv2
F422z00,readv2
2BBY.00,readv2
2BBa.00,readv2
2BBo.00,readv2
2BBr.00,readv2
F420.00,readv2
F420z00,readv2
C104.11,readv2
C104z00,readv2
C109C11,readv2
C109C12,readv2
C10FC00,readv2
C10FC11,readv2
C106.12,readv2
F372.12,readv2
F372200,readv2
F37y100,readv2
C106.13,readv2
C109B11,readv2
C10FB00,readv2
C10FB11,readv2
F366.00,readv2
F372.00,readv2
F372.11,readv2
F374z00,readv2
C108D00,readv2
C109600,readv2
C109A00,readv2
C109B00,readv2
C109C00,readv2
C109H00,readv2
C109611,readv2
C109612,readv2
C10F600,readv2
C10F611,readv2
C109A11,readv2
C10FA00,readv2
C10FA11,readv2
F3y0.00,readv2
Fyu6B00,readv2
C109H11,readv2
C109H12,readv2
C10FH00,readv2
N035.00,readv2
F171100,readv2
FyuAC00,readv2
F171z00,readv2
F367.00,readv2
F372000,readv2
F372100,readv2
N242300,readv2
F37z.11,readv2
Fyu7C00,readv2
K03..12,readv2
K02..12,readv2
K03..00,readv2
K03..11,readv2